Company,dReceievedDate,Isweekday,Isweekend,Country,status,Processed,ProcessedDate,Source,Currency,PostageCosts,Subtotal,PostageCostExTax,CountryTaxRate,Total,Tax,OrderItemSKU,OrderItemTitle,ItemCategory,OrderItemQuantity,ProductSalePrice,OrderItemTaxRate,OrderItemCostExTax,OrderItemCostIncTax,TotalAfterExComsion,DispatchStockUnitCost,TotalWeight,SupPurchasePrice,Profit,Payment Method
1,7/20/2014,0,1,United Kingdom,PAID,TRUE,23/07/2014 22:23,website,GBP,0,12.25,0,0,12.25,0,2401,Interlocking Hearts design cake knife/server set,Default,1,12.25,0.826938776,12.25,12.25,10.13,0,0,9.8,0.33,Default
2,7/20/2014,0,1,United Kingdom,PAID,TRUE,23/07/2014 22:35,website,GBP,0,12.25,0,0,12.25,0,2401,Interlocking Hearts design cake knife/server set,Default,1,12.25,0.826938776,12.25,12.25,10.13,0,0,9.8,0.33,Default
3,7/20/2014,0,1,United Kingdom,PAID,TRUE,22/07/2014 15:44,website,GBP,0,13.25,0,0,13.25,0,2401,Interlocking Hearts design cake knife/server set,Default,1,13.25,0.826938776,13.25,13.25,10.95693878,0,0,9.8,1.156938776,Default
4,7/21/2014,1,0,United Kingdom,PAID,TRUE,23/07/2014 14:47,website,GBP,0,13.25,0,0,13.25,0,2401,Interlocking Hearts design cake knife/server set,Default,1,13.25,0.826938776,13.25,13.25,10.95693878,0,0,9.8,1.156938776,Default
5,7/21/2014,1,0,United Kingdom,PAID,TRUE,25/07/2014 09:00,website,GBP,0,13.25,0,0,13.25,0,2401,Interlocking Hearts design cake knife/server set,Default,1,13.25,0.826938776,13.25,13.25,10.95693878,0,0,9.8,1.156938776,Default
6,7/21/2014,1,0,United Kingdom,PAID,TRUE,25/07/2014 08:57,website,GBP,0,13.25,0,0,13.25,0,2401,Interlocking Hearts design cake knife/server set,Default,1,13.25,0.826938776,13.25,13.25,10.95693878,0,0,9.8,1.156938776,Default
7,7/22/2014,1,0,United Kingdom,PAID,TRUE,23/07/2014 14:46,website,GBP,0,13.25,0,0,13.25,0,2401,Interlocking Hearts design cake knife/server set,Default,1,13.25,0.826938776,13.25,13.25,10.95693878,0,0,9.8,1.156938776,Default
8,7/22/2014,1,0,United Kingdom,PAID,TRUE,26/07/2014 08:56,website,GBP,0,13.25,0,0,13.25,0,2401,Interlocking Hearts design cake knife/server set,Default,1,13.25,0.826938776,13.25,13.25,10.95693878,0,0,9.8,1.156938776,Default
9,7/22/2014,1,0,United Kingdom,PAID,TRUE,26/07/2014 09:01,website,GBP,0,13.25,0,0,13.25,0,2401,Interlocking Hearts design cake knife/server set,Default,1,13.25,0.826938776,13.25,13.25,10.95693878,0,0,9.8,1.156938776,Default
10,7/22/2014,1,0,United Kingdom,PAID,TRUE,26/07/2014 08:59,website,GBP,0,13.25,0,0,13.25,0,2401,Interlocking Hearts design cake knife/server set,Default,1,13.25,0.826938776,13.25,13.25,10.95693878,0,0,9.8,1.156938776,Default
11,7/23/2014,1,0,United Kingdom,PAID,TRUE,28/07/2014 15:40,website,GBP,0,13.25,0,0,13.25,0,2401,Interlocking Hearts design cake knife/server set,Default,1,13.25,0.826938776,13.25,13.25,10.95693878,0,0,9.8,1.156938776,Default
12,7/23/2014,1,0,United Kingdom,PAID,TRUE,29/07/2014 14:25,website,GBP,0,13.25,0,0,13.25,0,2401,Interlocking Hearts design cake knife/server set,Default,1,13.25,0.826938776,13.25,13.25,10.95693878,0,0,9.8,1.156938776,Default
13,7/23/2014,1,0,United Kingdom,RESEND,TRUE,29/07/2014 14:08,DIRECT,GBP,0,0,0,0,0,0,2401,Interlocking Hearts design cake knife/server set,Default,1,0,0.826938776,0,0,0,0,0,9.8,-9.8,Default
14,7/23/2014,1,0,United Kingdom,RESEND,TRUE,29/07/2014 14:19,DIRECT,GBP,0,0,0,0,0,0,2401,Interlocking Hearts design cake knife/server set,Default,1,0,0.826938776,0,0,0,0,0,9.8,-9.8,Default
15,7/23/2014,1,0,United Kingdom,PAID,TRUE,29/07/2014 14:16,website,GBP,0,14.25,0,0,14.25,0,2401,Interlocking Hearts design cake knife/server set,Default,1,14.25,0.826938776,14.25,14.25,11.78387755,0,0,9.8,1.983877551,Default
16,7/24/2014,1,0,United Kingdom,PAID,TRUE,29/07/2014 15:11,website,GBP,0,14.25,0,0,14.25,0,2401,Interlocking Hearts design cake knife/server set,Default,1,14.25,0.826938776,14.25,14.25,11.78387755,0,0,9.8,1.983877551,Default
17,7/24/2014,1,0,United Kingdom,PAID,TRUE,29/07/2014 14:15,website,GBP,0,14.25,0,0,14.25,0,2401,Interlocking Hearts design cake knife/server set,Default,1,14.25,0.826938776,14.25,14.25,11.78387755,0,0,9.8,1.983877551,Default
18,7/24/2014,1,0,United Kingdom,PAID,TRUE,29/07/2014 14:24,website,GBP,0,14.25,0,0,14.25,0,2401,Interlocking Hearts design cake knife/server set,Default,1,14.25,0.826938776,14.25,14.25,11.78387755,0,0,9.8,1.983877551,Default
19,7/25/2014,1,0,United Kingdom,RESEND,TRUE,29/07/2014 14:11,DIRECT,GBP,0,0,0,0,0,0,2401,Interlocking Hearts design cake knife/server set,Default,1,0,0.826938776,0,0,0,0,0,9.8,-9.8,Default
20,7/25/2014,1,0,United Kingdom,RESEND,TRUE,29/07/2014 14:23,DIRECT,GBP,0,0,0,0,0,0,2401,Interlocking Hearts design cake knife/server set,Default,1,0,0.826938776,0,0,0,0,0,9.8,-9.8,Default
21,7/26/2014,0,1,United Kingdom,PAID,TRUE,29/07/2014 14:22,website,GBP,0,14.25,0,0,14.25,0,2401,Interlocking Hearts design cake knife/server set,Default,1,14.25,0.826938776,14.25,14.25,11.78387755,0,0,9.8,1.983877551,Default
22,7/26/2014,0,1,United Kingdom,RESEND,TRUE,29/07/2014 14:14,DIRECT,GBP,0,0,0,0,0,0,2401,Interlocking Hearts design cake knife/server set,Default,1,0,0.826938776,0,0,0,0,0,9.8,-9.8,Default
23,7/26/2014,0,1,United Kingdom,RESEND,TRUE,29/07/2014 14:19,DIRECT,GBP,0,0,0,0,0,0,2401,Interlocking Hearts design cake knife/server set,Default,1,0,0.826938776,0,0,0,0,0,9.8,-9.8,Default
24,7/26/2014,0,1,United Kingdom,RESEND,TRUE,29/07/2014 14:21,DIRECT,GBP,0,0,0,0,0,0,2401,Interlocking Hearts design cake knife/server set,Default,1,0,0.826938776,0,0,0,0,0,9.8,-9.8,Default
25,7/26/2014,0,1,United Kingdom,PAID,TRUE,29/07/2014 14:20,website,GBP,0,14.1,0,0,14.1,0,2401,Interlocking Hearts design cake knife/server set,Default,1,14.1,0.826938776,14.1,14.1,11.65983673,0,0,9.8,1.859836735,Default
26,7/26/2014,0,1,United Kingdom,PAID,TRUE,29/07/2014 14:22,website,GBP,0,14.1,0,0,14.1,0,2401,Interlocking Hearts design cake knife/server set,Default,1,14.1,0.826938776,14.1,14.1,11.65983673,0,0,9.8,1.859836735,Default
27,7/28/2014,1,0,United Kingdom,PAID,TRUE,29/07/2014 14:03,website,GBP,0,12.98,0,0,12.98,0,2401,Interlocking Hearts design cake knife/server set,Default,1,12.98,0.826938776,12.98,12.98,10.73366531,0,0,9.8,0.933665306,Default
28,7/29/2014,1,0,United Kingdom,PAID,TRUE,30/07/2014 15:39,website,GBP,0,14.1,0,0,14.1,0,2401,Interlocking Hearts design cake knife/server set,Default,1,14.1,0.826938776,14.1,14.1,11.65983673,0,0,9.8,1.859836735,Default
29,7/29/2014,1,0,United Kingdom,PAID,TRUE,30/07/2014 15:37,website,GBP,0,13.95,0,0,13.95,0,2401,Interlocking Hearts design cake knife/server set,Default,1,13.95,0.826938776,13.95,13.95,11.53579592,0,0,9.8,1.735795918,Default
30,7/30/2014,1,0,United Kingdom,PAID,TRUE,31/07/2014 15:18,website,GBP,0,13.3,0,0,13.3,0,2401,Interlocking Hearts design cake knife/server set,Default,1,13.3,0.826938776,13.3,13.3,10.99828571,0,0,9.8,1.198285714,Default
31,7/30/2014,1,0,United Kingdom,PAID,TRUE,31/07/2014 15:22,website,GBP,0,13.25,0,0,13.25,0,2401,Interlocking Hearts design cake knife/server set,Default,1,13.25,0.826938776,13.25,13.25,10.95693878,0,0,9.8,1.156938776,Default
32,8/1/2014,1,0,United Kingdom,PAID,TRUE,4/8/2014 18:17,website,GBP,0,12.9,0,0,12.9,0,2401,Interlocking Hearts design cake knife/server set,Default,1,12.9,0.826938776,12.9,12.9,10.6675102,0,0,9.8,0.867510204,Default
33,8/1/2014,1,0,United Kingdom,PAID,TRUE,4/8/2014 18:16,website,GBP,0,12.9,0,0,12.9,0,2401,Interlocking Hearts design cake knife/server set,Default,1,12.9,0.826938776,12.9,12.9,10.6675102,0,0,9.8,0.867510204,Default
34,8/5/2014,1,0,United Kingdom,RESEND,TRUE,5/8/2014 15:26,DIRECT,GBP,0,0,0,0,0,0,2401,Interlocking Hearts design cake knife/server set,Default,1,0,0.826938776,0,0,0,0,0,9.8,-9.8,Default
35,8/5/2014,1,0,United Kingdom,PAID,TRUE,7/8/2014 16:40,website,GBP,0,12,0,0,12,0,2401,Interlocking Hearts design cake knife/server set,Default,1,12,0.826938776,12,12,9.923265306,0,0,9.8,0.123265306,Default
36,8/5/2014,1,0,United Kingdom,PAID,TRUE,7/8/2014 16:40,website,GBP,0,12,0,0,12,0,2401,Interlocking Hearts design cake knife/server set,Default,1,12,0.826938776,12,12,9.923265306,0,0,9.8,0.123265306,Default
37,8/6/2014,1,0,United Kingdom,PAID,TRUE,7/8/2014 16:39,website,GBP,0,12,0,0,12,0,2401,Interlocking Hearts design cake knife/server set,Default,1,12,0.826938776,12,12,9.923265306,0,0,9.8,0.123265306,Default
38,8/6/2014,1,0,United Kingdom,PAID,TRUE,8/8/2014 15:04,website,GBP,0,12,0,0,12,0,2401,Interlocking Hearts design cake knife/server set,Default,1,12,0.826938776,12,12,9.923265306,0,0,9.8,0.123265306,Default
39,8/6/2014,1,0,United Kingdom,PAID,TRUE,8/8/2014 15:03,website,GBP,0,12,0,0,12,0,2401,Interlocking Hearts design cake knife/server set,Default,1,12,0.826938776,12,12,9.923265306,0,0,9.8,0.123265306,Default
40,8/6/2014,1,0,United Kingdom,PAID,TRUE,8/8/2014 15:02,website,GBP,0,12,0,0,12,0,2401,Interlocking Hearts design cake knife/server set,Default,1,12,0.826938776,12,12,9.923265306,0,0,9.8,0.123265306,Default
41,8/8/2014,1,0,United Kingdom,PAID,TRUE,8/8/2014 14:59,website,GBP,0,12,0,0,12,0,2401,Interlocking Hearts design cake knife/server set,Default,1,12,0.826938776,12,12,9.923265306,0,0,9.8,0.123265306,Default
42,8/8/2014,1,0,United Kingdom,PAID,TRUE,11/8/2014 16:08,website,GBP,0,12,0,0,12,0,2401,Interlocking Hearts design cake knife/server set,Default,1,12,0.826938776,12,12,9.923265306,0,0,9.8,0.123265306,Default
43,8/9/2014,0,1,United Kingdom,PAID,TRUE,11/8/2014 16:09,website,GBP,0,12,0,0,12,0,2401,Interlocking Hearts design cake knife/server set,Default,1,12,0.826938776,12,12,9.923265306,0,0,9.8,0.123265306,Default
44,8/10/2014,0,1,United Kingdom,PAID,TRUE,12/8/2014 14:32,website,GBP,0,12,0,0,12,0,2401,Interlocking Hearts design cake knife/server set,Default,1,12,0.826938776,12,12,9.923265306,0,0,9.8,0.123265306,Default
45,8/10/2014,0,1,United Kingdom,PAID,TRUE,12/8/2014 14:29,website,GBP,0,12,0,0,12,0,2401,Interlocking Hearts design cake knife/server set,Default,1,12,0.826938776,12,12,9.923265306,0,0,9.8,0.123265306,Default
46,8/10/2014,0,1,United Kingdom,PAID,TRUE,,website,GBP,0,12,0,0,12,0,2401,Interlocking Hearts design cake knife/server set,Default,1,12,0.826938776,12,12,9.923265306,0,0,9.8,0.123265306,Default
47,8/10/2014,0,1,United Kingdom,PAID,TRUE,12/8/2014 14:33,website,GBP,0,12,0,0,12,0,2401,Interlocking Hearts design cake knife/server set,Default,1,12,0.826938776,12,12,9.923265306,0,0,9.8,0.123265306,Default
48,8/10/2014,0,1,United Kingdom,PAID,TRUE,12/8/2014 14:30,website,GBP,0,12,0,0,12,0,2401,Interlocking Hearts design cake knife/server set,Default,1,12,0.826938776,12,12,9.923265306,0,0,9.8,0.123265306,Default
49,8/10/2014,0,1,United Kingdom,PAID,TRUE,12/8/2014 14:31,website,GBP,0,12,0,0,12,0,2401,Interlocking Hearts design cake knife/server set,Default,1,12,0.826938776,12,12,9.923265306,0,0,9.8,0.123265306,Default
50,8/10/2014,0,1,United Kingdom,PAID,TRUE,12/8/2014 14:31,website,GBP,0,12,0,0,12,0,2401,Interlocking Hearts design cake knife/server set,Default,1,12,0.826938776,12,12,9.923265306,0,0,9.8,0.123265306,Default
51,8/10/2014,0,1,United Kingdom,PAID,TRUE,12/8/2014 14:31,website,GBP,0,12,0,0,12,0,2401,Interlocking Hearts design cake knife/server set,Default,1,12,0.826938776,12,12,9.923265306,0,0,9.8,0.123265306,Default
52,8/10/2014,0,1,United Kingdom,PAID,TRUE,12/8/2014 14:32,website,GBP,0,12,0,0,12,0,2401,Interlocking Hearts design cake knife/server set,Default,1,12,0.826938776,12,12,9.923265306,0,0,9.8,0.123265306,Default
53,8/11/2014,1,0,United Kingdom,PAID,TRUE,12/8/2014 15:36,website,GBP,0,12,0,0,12,0,2401,Interlocking Hearts design cake knife/server set,Default,1,12,0.826938776,12,12,9.923265306,0,0,9.8,0.123265306,Default
54,8/11/2014,1,0,United Kingdom,PAID,TRUE,13/08/2014 16:02,website,GBP,0,12,0,0,12,0,2401,Interlocking Hearts design cake knife/server set,Default,1,12,0.826938776,12,12,9.923265306,0,0,9.8,0.123265306,Default
55,8/11/2014,1,0,United Kingdom,PAID,TRUE,13/08/2014 16:01,website,GBP,0,12,0,0,12,0,2401,Interlocking Hearts design cake knife/server set,Default,1,12,0.826938776,12,12,9.923265306,0,0,9.8,0.123265306,Default
56,8/11/2014,1,0,United Kingdom,PAID,TRUE,13/08/2014 16:02,website,GBP,0,12,0,0,12,0,2401,Interlocking Hearts design cake knife/server set,Default,1,12,0.826938776,12,12,9.923265306,0,0,9.8,0.123265306,Default
57,8/11/2014,1,0,United Kingdom,PAID,TRUE,13/08/2014 16:00,website,GBP,0,12,0,0,12,0,2401,Interlocking Hearts design cake knife/server set,Default,1,12,0.826938776,12,12,9.923265306,0,0,9.8,0.123265306,Default
58,8/11/2014,1,0,United Kingdom,PAID,TRUE,13/08/2014 15:58,website,GBP,0,12,0,0,12,0,2401,Interlocking Hearts design cake knife/server set,Default,1,12,0.826938776,12,12,9.923265306,0,0,9.8,0.123265306,Default
59,8/12/2014,1,0,United Kingdom,PAID,TRUE,13/08/2014 15:55,website,GBP,0,12,0,0,12,0,2401,Interlocking Hearts design cake knife/server set,Default,1,12,0.826938776,12,12,9.923265306,0,0,9.8,0.123265306,Default
60,8/12/2014,1,0,United Kingdom,PAID,TRUE,13/08/2014 16:07,website,GBP,0,48,0,0,48,0,2401,Interlocking Hearts design cake knife/server set,Default,4,48,0.826938776,48,48,39.69306122,0,0,39.2,0.493061224,Default
61,8/13/2014,1,0,United Kingdom,PAID,TRUE,14/08/2014 14:22,website,GBP,0,12,0,0,12,0,2401,Interlocking Hearts design cake knife/server set,Default,1,12,0.826938776,12,12,9.923265306,0,0,9.8,0.123265306,Default
62,8/13/2014,1,0,United Kingdom,PAID,TRUE,13/08/2014 16:06,website,GBP,0,12,0,0,12,0,2401,Interlocking Hearts design cake knife/server set,Default,1,12,0.826938776,12,12,9.923265306,0,0,9.8,0.123265306,Default
63,8/13/2014,1,0,United Kingdom,PAID,TRUE,14/08/2014 14:22,website,GBP,0,12,0,0,12,0,2401,Interlocking Hearts design cake knife/server set,Default,1,12,0.826938776,12,12,9.923265306,0,0,9.8,0.123265306,Default
64,8/13/2014,1,0,United Kingdom,PAID,TRUE,14/08/2014 14:19,website,GBP,0,12,0,0,12,0,2401,Interlocking Hearts design cake knife/server set,Default,1,12,0.826938776,12,12,9.923265306,0,0,9.8,0.123265306,Default
65,8/14/2014,1,0,United Kingdom,PAID,TRUE,14/08/2014 14:19,website,GBP,0,12,0,0,12,0,2401,Interlocking Hearts design cake knife/server set,Default,1,12,0.826938776,12,12,9.923265306,0,0,9.8,0.123265306,Default
66,8/16/2014,0,1,United Kingdom,PAID,TRUE,18/08/2014 15:14,website,GBP,0,11.98,0,0,11.98,0,2401,Interlocking Hearts design cake knife/server set,Default,1,11.98,0.826938776,11.98,11.98,9.906726531,0,0,9.8,0.106726531,Default
67,8/20/2014,1,0,United Kingdom,PAID,TRUE,21/08/2014 14:25,website,GBP,0,12,0,0,12,0,2401,Interlocking Hearts design cake knife/server set,Default,1,12,0.826938776,12,12,9.923265306,0,0,9.8,0.123265306,Default
68,8/21/2014,1,0,United Kingdom,PAID,TRUE,26/08/2014 15:43,website,GBP,0,12,0,0,12,0,2401,Interlocking Hearts design cake knife/server set,Default,1,12,0.826938776,12,12,9.923265306,0,0,9.8,0.123265306,Default
69,8/22/2014,1,0,United Kingdom,PAID,TRUE,26/08/2014 15:40,website,GBP,0,12,0,0,12,0,2401,Interlocking Hearts design cake knife/server set,Default,1,12,0.826938776,12,12,9.923265306,0,0,9.8,0.123265306,Default
70,8/23/2014,0,1,United Kingdom,RESEND,TRUE,5/9/2014 14:28,DIRECT,GBP,0,0,0,0,0,0,2401,Interlocking Hearts design cake knife/server set,Default,1,0,0.826938776,0,0,0,0,0,9.8,-9.8,Default
71,8/23/2014,0,1,United Kingdom,PAID,TRUE,27/08/2014 15:15,website,GBP,0,11.98,0,0,11.98,0,2401,Interlocking Hearts design cake knife/server set,Default,1,11.98,0.826938776,11.98,11.98,9.906726531,0,0,9.8,0.106726531,Default
72,8/25/2014,1,0,United Kingdom,PAID,TRUE,27/08/2014 15:16,website,GBP,0,11.98,0,0,11.98,0,2401,Interlocking Hearts design cake knife/server set,Default,1,11.98,0.826938776,11.98,11.98,9.906726531,0,0,9.8,0.106726531,Default
73,8/25/2014,1,0,United Kingdom,PAID,TRUE,27/08/2014 15:24,website,GBP,0,11.98,0,0,11.98,0,2401,Interlocking Hearts design cake knife/server set,Default,1,11.98,0.826938776,11.98,11.98,9.906726531,0,0,9.8,0.106726531,Default
74,8/25/2014,1,0,United Kingdom,PAID,TRUE,27/08/2014 15:21,website,GBP,0,11.98,0,0,11.98,0,2401,Interlocking Hearts design cake knife/server set,Default,1,11.98,0.826938776,11.98,11.98,9.906726531,0,0,9.8,0.106726531,Default
75,8/26/2014,1,0,United Kingdom,PAID,TRUE,27/08/2014 15:12,website,GBP,12.2,12,12.2,0,24.2,0,2401,Interlocking Hearts design cake knife/server set,Default,1,12,0.826938776,12,12,9.923265306,0,0,9.8,0.123265306,Default
76,8/28/2014,1,0,United Kingdom,PAID,TRUE,2/9/2014 15:42,website,GBP,0,12,0,0,12,0,2401,Interlocking Hearts design cake knife/server set,Default,1,12,0.826938776,12,12,9.923265306,0,0,9.8,0.123265306,Default
77,8/28/2014,1,0,United Kingdom,PAID,TRUE,2/9/2014 15:45,website,GBP,0,12,0,0,12,0,2401,Interlocking Hearts design cake knife/server set,Default,1,12,0.826938776,12,12,9.923265306,0,0,9.8,0.123265306,Default
78,8/30/2014,0,1,United Kingdom,PAID,TRUE,2/9/2014 15:45,website,GBP,0,11.99,0,0,11.99,0,2401,Interlocking Hearts design cake knife/server set,Default,1,11.99,0.826938776,11.99,11.99,9.914995918,0,0,9.8,0.114995918,Default
79,8/30/2014,0,1,United Kingdom,PAID,TRUE,2/9/2014 15:44,website,GBP,0,11.89,0,0,11.89,0,2401,Interlocking Hearts design cake knife/server set,Default,1,11.89,0.826938776,11.89,11.89,9.832302041,0,0,9.8,0.032302041,Default
80,8/31/2014,0,1,United Kingdom,PAID,TRUE,2/9/2014 15:46,website,GBP,0,11.89,0,0,11.89,0,2401,Interlocking Hearts design cake knife/server set,Default,1,11.89,0.826938776,11.89,11.89,9.832302041,0,0,9.8,0.032302041,Default
81,9/1/2014,1,0,United Kingdom,PAID,TRUE,3/9/2014 15:53,website,GBP,0,11.89,0,0,11.89,0,2401,Interlocking Hearts design cake knife/server set,Default,1,11.89,0.826938776,11.89,11.89,9.832302041,0,0,9.8,0.032302041,Default
82,9/2/2014,1,0,United Kingdom,PAID,TRUE,4/9/2014 15:01,website,GBP,0,12.01,0,0,12.01,0,2401,Interlocking Hearts design cake knife/server set,Default,1,12.01,0.826938776,12.01,12.01,9.931534694,0,0,9.8,0.131534694,Default
83,9/10/2014,1,0,United Kingdom,PAID,TRUE,10/9/2014 16:35,website,GBP,0,4.5,0,0,4.5,0,2401,Interlocking Hearts design cake knife/server set,Default,1,4.5,0.826938776,4.5,4.5,3.72122449,0,0,9.8,-6.07877551,Default
84,9/11/2014,1,0,United Kingdom,PAID,TRUE,15/09/2014 14:55,website,GBP,0,11.99,0,0,11.99,0,2401,Interlocking Hearts design cake knife/server set,Default,1,11.99,0.826938776,11.99,11.99,9.914995918,0,0,9.8,0.114995918,Default
85,9/25/2014,1,0,United Kingdom,PAID,TRUE,26/09/2014 14:17,website,GBP,3.99,11.27,3.99,0,15.26,0,2401_guk,"interlocking hearts design cake knife/server set. A perfect gift for that wedding, baby shower, birthday",Default,1,11.27,0.826938776,11.27,11.27,9.3196,0,0,9.8,-0.4804,Default
86,10/2/2014,1,0,United Kingdom,PAID,TRUE,2/10/2014 14:24,website,GBP,19.99,11.27,19.99,0,31.26,0,2401_guk,"interlocking hearts design cake knife/server set. A perfect gift for that wedding, baby shower, birthday",Default,1,11.27,0.826938776,11.27,11.27,9.3196,0,0,9.8,-0.4804,Default
87,10/6/2014,1,0,United Kingdom,PAID,TRUE,7/10/2014 15:05,website,GBP,0,12,0,0,12,0,2401,Interlocking Hearts design cake knife/server set,Default,1,12,0.826938776,12,12,9.923265306,0,0,9.8,0.123265306,Default
88,10/11/2014,0,1,United Kingdom,PAID,TRUE,14/10/2014 15:23,website,GBP,0,12.5,0,0,12.5,0,2401_spuk,interlocking hearts design cake knife/server set,Default,1,12.5,0.826938776,12.5,12.5,10.33673469,0,0,9.8,0.536734694,Default
89,10/11/2014,0,1,United Kingdom,PAID,TRUE,14/10/2014 15:24,website,GBP,0,12,0,0,12,0,2401,Interlocking Hearts design cake knife/server set,Default,1,12,0.826938776,12,12,9.923265306,0,0,9.8,0.123265306,Default
90,10/17/2014,1,0,United Kingdom,PAID,TRUE,20/10/2014 18:10,website,GBP,0,12.5,0,0,12.5,0,2401_spuk,interlocking hearts design cake knife/server set,Default,1,12.5,0.826938776,12.5,12.5,10.33673469,0,0,9.8,0.536734694,Default
91,10/23/2014,1,0,United Kingdom,PAID,TRUE,24/10/2014 13:17,website,GBP,0,12,0,0,12,0,2401,Interlocking Hearts design cake knife/server set,Default,1,12,0.826938776,12,12,9.923265306,0,0,9.8,0.123265306,Default
92,10/25/2014,0,1,United Kingdom,PAID,TRUE,,website,GBP,0,12,0,0,12,0,2401,Interlocking Hearts design cake knife/server set,Default,1,12,0.826938776,12,12,9.923265306,0,0,9.8,0.123265306,Default
93,11/8/2014,0,1,United Kingdom,PAID,TRUE,10/11/2014 16:08,website,GBP,0,12.5,0,0,12.5,0,2401_spuk,interlocking hearts design cake knife/server set,Default,1,12.5,0.826938776,12.5,12.5,10.33673469,0,0,9.8,0.536734694,Default
94,11/10/2014,1,0,United Kingdom,PAID,TRUE,11/11/2014 15:47,website,GBP,0,12,0,0,12,0,2401,Interlocking Hearts design cake knife/server set,Default,1,12,0.826938776,12,12,9.923265306,0,0,9.8,0.123265306,Default
95,11/18/2014,1,0,United Kingdom,PAID,TRUE,20/11/2014 22:19,website,GBP,0,12,0,0,12,0,2401,Interlocking Hearts design cake knife/server set,Default,1,12,0.826938776,12,12,9.923265306,0,0,9.8,0.123265306,Default
96,12/9/2014,1,0,United Kingdom,PAID,TRUE,,website,GBP,0,12,0,0,12,0,2401,Interlocking Hearts design cake knife/server set,Default,1,12,0.826938776,12,12,9.923265306,0,0,9.8,0.123265306,Default
97,1/4/2015,0,1,UNKNOWN,UNPAID,TRUE,,website,GBP,0,0,0,0,0,0,2401_spuk,interlocking hearts design cake knife/server set,Default,1,0,0.826938776,0,0,0,0,0,9.8,-9.8,Default
98,1/9/2015,1,0,UNKNOWN,UNPAID,TRUE,,website,GBP,0,0,0,0,0,0,2401,Interlocking Hearts design cake knife/server set,Default,1,0,0.826938776,0,0,0,0,0,9.8,-9.8,Default
99,1/9/2015,1,0,United Kingdom,PAID,TRUE,12/1/2015 20:08,website,GBP,0,12.5,0,0,12.5,0,2401_spuk,interlocking hearts design cake knife/server set,Default,1,12.5,0.826938776,12.5,12.5,10.33673469,0,0,9.8,0.536734694,Default
100,1/11/2015,0,1,United Kingdom,PAID,TRUE,12/1/2015 20:24,website,GBP,0,12.5,0,0,12.5,0,2401_spuk,interlocking hearts design cake knife/server set,Default,1,12.5,0.826938776,12.5,12.5,10.33673469,0,0,9.8,0.536734694,Default
101,1/15/2015,1,0,United Kingdom,PAID,TRUE,,website,GBP,0,12.5,0,0,12.5,0,2401_spuk,interlocking hearts design cake knife/server set,Default,1,12.5,0.826938776,12.5,12.5,10.33673469,0,0,9.8,0.536734694,Default
102,1/15/2015,1,0,United Kingdom,PAID,TRUE,,website,GBP,0,12,0,0,12,0,2401,Interlocking Hearts design cake knife/server set,Default,1,12,0.826938776,12,12,9.923265306,0,0,9.8,0.123265306,Default
103,1/17/2015,0,1,United Kingdom,PAID,TRUE,20/01/2015 00:58,website,GBP,0,12.5,0,0,12.5,0,2401_spuk,interlocking hearts design cake knife/server set,Default,1,12.5,0.826938776,12.5,12.5,10.33673469,0,0,9.8,0.536734694,Default
104,1/24/2015,0,1,United Kingdom,PAID,TRUE,27/01/2015 00:20,website,GBP,0,12.5,0,0,12.5,0,2401_spuk,interlocking hearts design cake knife/server set,Default,1,12.5,0.826938776,12.5,12.5,10.33673469,0,0,9.8,0.536734694,Default
105,1/30/2015,1,0,United Kingdom,PAID,TRUE,30/01/2015 19:36,website,GBP,0,12.5,0,0,12.5,0,2401_spuk,interlocking hearts design cake knife/server set,Default,1,12.5,0.826938776,12.5,12.5,10.33673469,0,0,9.8,0.536734694,Default
106,2/5/2015,1,0,United Kingdom,PAID,TRUE,6/2/2015 23:34,website,GBP,0,12.5,0,0,12.5,0,2401_spuk,interlocking hearts design cake knife/server set,Default,1,12.5,0.826938776,12.5,12.5,10.33673469,0,0,9.8,0.536734694,Default
107,2/26/2015,1,0,United Kingdom,PAID,TRUE,27/02/2015 15:36,website,GBP,0,12.5,0,0,12.5,0,2401_spuk,interlocking hearts design cake knife/server set,Default,1,12.5,0.826938776,12.5,12.5,10.33673469,0,0,9.8,0.536734694,Default
108,3/1/2015,0,1,United Kingdom,PAID,TRUE,2/3/2015 23:35,website,GBP,0,12.5,0,0,12.5,0,2401_spuk,interlocking hearts design cake knife/server set,Default,1,12.5,0.826938776,12.5,12.5,10.33673469,0,0,9.8,0.536734694,Default
109,3/12/2015,1,0,United Kingdom,PAID,TRUE,13/03/2015 18:12,website,GBP,0,12.5,0,0,12.5,0,2401_spuk,interlocking hearts design cake knife/server set,Default,1,12.5,0.826938776,12.5,12.5,10.33673469,0,0,9.8,0.536734694,Default
110,3/21/2015,0,1,United Kingdom,PAID,TRUE,23/03/2015 16:37,website,GBP,0,12.5,0,0,12.5,0,2401_spuk,interlocking hearts design cake knife/server set,Default,1,12.5,0.826938776,12.5,12.5,10.33673469,0,0,9.8,0.536734694,Default
111,3/29/2015,0,1,United Kingdom,PAID,TRUE,30/03/2015 17:29,website,GBP,0,12.5,0,0,12.5,0,2401_spuk,interlocking hearts design cake knife/server set,Default,1,12.5,0.826938776,12.5,12.5,10.33673469,0,0,9.8,0.536734694,Default
112,5/1/2015,1,0,United Kingdom,PAID,TRUE,1/5/2015 22:03,website,GBP,0,12.5,0,0,12.5,0,2401_spuk,interlocking hearts design cake knife/server set,Default,1,12.5,0.826938776,12.5,12.5,10.33673469,0,0,9.8,0.536734694,Default
113,5/1/2015,1,0,United Kingdom,PAID,TRUE,5/5/2015 14:34,website,GBP,3.99,16.2,3.99,0,20.19,0,2401_sf,Interlocking Hearts design cake knife/server set,Default,1,8.1,0.826938776,8.1,8.1,6.698204082,0,0,9.8,-3.101795918,Default
114,5/1/2015,1,0,United Kingdom,PAID,TRUE,5/5/2015 14:34,website,GBP,3.99,16.2,3.99,0,20.19,0,2401_sf,Interlocking Hearts design cake knife/server set,Default,1,8.1,0.826938776,8.1,8.1,6.698204082,0,0,9.8,-3.101795918,Default
115,5/2/2015,0,1,United Kingdom,PAID,TRUE,6/5/2015 21:49,website,GBP,0,12.5,0,0,12.5,0,2401_spuk,interlocking hearts design cake knife/server set,Default,1,12.5,0.826938776,12.5,12.5,10.33673469,0,0,9.8,0.536734694,Default
116,5/2/2015,0,1,United Kingdom,PAID,TRUE,5/5/2015 14:35,website,GBP,3.99,8.1,3.99,0,12.09,0,2401_sf,Interlocking Hearts design cake knife/server set,Default,1,8.1,0.826938776,8.1,8.1,6.698204082,0,0,9.8,-3.101795918,Default
117,5/3/2015,0,1,United Kingdom,PAID,TRUE,5/5/2015 15:17,website,GBP,3.99,8.1,3.99,0,12.09,0,2401_sf,Interlocking Hearts design cake knife/server set,Default,1,8.1,0.826938776,8.1,8.1,6.698204082,0,0,9.8,-3.101795918,Default
118,5/3/2015,0,1,United Kingdom,PAID,TRUE,5/5/2015 15:15,website,GBP,3.99,8.1,3.99,0,12.09,0,2401_sf,Interlocking Hearts design cake knife/server set,Default,1,8.1,0.826938776,8.1,8.1,6.698204082,0,0,9.8,-3.101795918,Default
119,5/4/2015,1,0,United Kingdom,PAID,TRUE,5/5/2015 15:17,website,GBP,3.99,8.1,3.99,0,12.09,0,2401_sf,Interlocking Hearts design cake knife/server set,Default,1,8.1,0.826938776,8.1,8.1,6.698204082,0,0,9.8,-3.101795918,Default
120,5/4/2015,1,0,United Kingdom,PAID,TRUE,6/5/2015 21:49,website,GBP,3.99,8.1,3.99,0,12.09,0,2401_sf,Interlocking Hearts design cake knife/server set,Default,1,8.1,0.826938776,8.1,8.1,6.698204082,0,0,9.8,-3.101795918,Default
121,5/5/2015,1,0,United Kingdom,PAID,TRUE,7/5/2015 20:11,website,GBP,3.99,8.1,3.99,0,12.09,0,2401_sf,Interlocking Hearts design cake knife/server set,Default,1,8.1,0.826938776,8.1,8.1,6.698204082,0,0,9.8,-3.101795918,Default
122,5/6/2015,1,0,United Kingdom,PAID,TRUE,7/5/2015 20:13,website,GBP,3.99,8.1,3.99,0,12.09,0,2401_sf,Interlocking Hearts design cake knife/server set,Default,1,8.1,0.826938776,8.1,8.1,6.698204082,0,0,9.8,-3.101795918,Default
123,5/6/2015,1,0,United Kingdom,PAID,TRUE,7/5/2015 20:14,website,GBP,3.99,8.1,3.99,0,12.09,0,2401_sf,Interlocking Hearts design cake knife/server set,Default,1,8.1,0.826938776,8.1,8.1,6.698204082,0,0,9.8,-3.101795918,Default
124,5/6/2015,1,0,United Kingdom,PAID,TRUE,7/5/2015 20:15,website,GBP,3.99,8.1,3.99,0,12.09,0,2401_sf,Interlocking Hearts design cake knife/server set,Default,1,8.1,0.826938776,8.1,8.1,6.698204082,0,0,9.8,-3.101795918,Default
125,5/6/2015,1,0,United Kingdom,PAID,TRUE,7/5/2015 20:12,website,GBP,3.99,8.1,3.99,0,12.09,0,2401_sf,Interlocking Hearts design cake knife/server set,Default,1,8.1,0.826938776,8.1,8.1,6.698204082,0,0,9.8,-3.101795918,Default
126,5/6/2015,1,0,United Kingdom,PAID,TRUE,7/5/2015 20:15,website,GBP,3.99,8.1,3.99,0,12.09,0,2401_sf,Interlocking Hearts design cake knife/server set,Default,1,8.1,0.826938776,8.1,8.1,6.698204082,0,0,9.8,-3.101795918,Default
127,5/6/2015,1,0,United Kingdom,PAID,TRUE,7/5/2015 20:12,website,GBP,3.99,8.1,3.99,0,12.09,0,2401_sf,Interlocking Hearts design cake knife/server set,Default,1,8.1,0.826938776,8.1,8.1,6.698204082,0,0,9.8,-3.101795918,Default
128,5/7/2015,1,0,United Kingdom,PAID,TRUE,8/5/2015 21:53,website,GBP,0,12.5,0,0,12.5,0,2401_spuk,interlocking hearts design cake knife/server set,Default,1,12.5,0.826938776,12.5,12.5,10.33673469,0,0,9.8,0.536734694,Default
129,5/9/2015,0,1,United Kingdom,PAID,TRUE,11/5/2015 22:43,website,GBP,3.99,8.1,3.99,0,12.09,0,2401_sf,Interlocking Hearts design cake knife/server set,Default,1,8.1,0.826938776,8.1,8.1,6.698204082,0,0,9.8,-3.101795918,Default
130,5/10/2015,0,1,United Kingdom,PAID,TRUE,12/5/2015 15:08,website,GBP,3.99,8.1,3.99,0,12.09,0,2401_sf,Interlocking Hearts design cake knife/server set,Default,1,8.1,0.826938776,8.1,8.1,6.698204082,0,0,9.8,-3.101795918,Default
131,5/12/2015,1,0,United Kingdom,PAID,TRUE,13/05/2015 20:41,website,GBP,0,13,0,0,13,0,2401,Interlocking Hearts design cake knife/server set,Default,1,13,0.826938776,13,13,10.75020408,0,0,9.8,0.950204082,Default
132,5/13/2015,1,0,United Kingdom,PAID,TRUE,,website,GBP,0,12.5,0,0,12.5,0,2401_spuk,interlocking hearts design cake knife/server set,Default,1,12.5,0.826938776,12.5,12.5,10.33673469,0,0,9.8,0.536734694,Default
133,5/14/2015,1,0,United Kingdom,PAID,TRUE,,website,GBP,3.99,8.1,3.99,0,12.09,0,2401_sf,Interlocking Hearts design cake knife/server set,Default,1,8.1,0.826938776,8.1,8.1,6.698204082,0,0,9.8,-3.101795918,Default
134,5/15/2015,1,0,United Kingdom,PAID,TRUE,,website,GBP,3.99,8.1,3.99,0,12.09,0,2401_sf,Interlocking Hearts design cake knife/server set,Default,1,8.1,0.826938776,8.1,8.1,6.698204082,0,0,9.8,-3.101795918,Default
135,5/15/2015,1,0,United Kingdom,PAID,TRUE,,website,GBP,3.99,8.1,3.99,0,12.09,0,2401_sf,Interlocking Hearts design cake knife/server set,Default,1,8.1,0.826938776,8.1,8.1,6.698204082,0,0,9.8,-3.101795918,Default
136,5/15/2015,1,0,United Kingdom,PAID,TRUE,,website,GBP,3.99,8.1,3.99,0,12.09,0,2401_sf,Interlocking Hearts design cake knife/server set,Default,1,8.1,0.826938776,8.1,8.1,6.698204082,0,0,9.8,-3.101795918,Default
137,5/16/2015,0,1,United Kingdom,PAID,TRUE,,website,GBP,3.99,8.1,3.99,0,12.09,0,2401_sf,Interlocking Hearts design cake knife/server set,Default,1,8.1,0.826938776,8.1,8.1,6.698204082,0,0,9.8,-3.101795918,Default
138,5/16/2015,0,1,United Kingdom,PAID,TRUE,,website,GBP,3.99,8.1,3.99,0,12.09,0,2401_sf,Interlocking Hearts design cake knife/server set,Default,1,8.1,0.826938776,8.1,8.1,6.698204082,0,0,9.8,-3.101795918,Default
139,5/16/2015,0,1,United Kingdom,PAID,TRUE,,website,GBP,0,12.5,0,0,12.5,0,2401_spuk,interlocking hearts design cake knife/server set,Default,1,12.5,0.826938776,12.5,12.5,10.33673469,0,0,9.8,0.536734694,Default
140,5/17/2015,0,1,United Kingdom,PAID,TRUE,,website,GBP,3.99,8.1,3.99,0,12.09,0,2401_sf,Interlocking Hearts design cake knife/server set,Default,1,8.1,0.826938776,8.1,8.1,6.698204082,0,0,9.8,-3.101795918,Default
141,5/17/2015,0,1,United Kingdom,PAID,TRUE,,website,GBP,3.99,8.1,3.99,0,12.09,0,2401_sf,Interlocking Hearts design cake knife/server set,Default,1,8.1,0.826938776,8.1,8.1,6.698204082,0,0,9.8,-3.101795918,Default
142,5/17/2015,0,1,United Kingdom,PAID,TRUE,,website,GBP,3.99,8.1,3.99,0,12.09,0,2401_sf,Interlocking Hearts design cake knife/server set,Default,1,8.1,0.826938776,8.1,8.1,6.698204082,0,0,9.8,-3.101795918,Default
143,5/18/2015,1,0,United Kingdom,PAID,TRUE,,website,GBP,3.99,8.1,3.99,0,12.09,0,2401_sf,Interlocking Hearts design cake knife/server set,Default,1,8.1,0.826938776,8.1,8.1,6.698204082,0,0,9.8,-3.101795918,Default
144,5/18/2015,1,0,United Kingdom,PAID,TRUE,,website,GBP,12.2,13.03,12.2,0,25.23,0,2401,Interlocking Hearts design cake knife/server set,Default,1,13.03,0.826938776,13.03,13.03,10.77501224,0,0,9.8,0.975012245,Default
145,5/18/2015,1,0,United Kingdom,PAID,TRUE,,website,GBP,0,12.5,0,0,12.5,0,2401_spuk,interlocking hearts design cake knife/server set,Default,1,12.5,0.826938776,12.5,12.5,10.33673469,0,0,9.8,0.536734694,Default
146,5/21/2015,1,0,United Kingdom,PAID,TRUE,,website,GBP,0,11.99,0,0,11.99,0,2401,Interlocking Hearts design cake knife/server set,Default,1,11.99,0.826938776,11.99,11.99,9.914995918,0,0,9.8,0.114995918,Default
147,5/21/2015,1,0,United Kingdom,PAID,TRUE,,website,GBP,0,11.94,0,0,11.94,0,2401,Interlocking Hearts design cake knife/server set,Default,1,11.94,0.826938776,11.94,11.94,9.87364898,0,0,9.8,0.07364898,Default
148,5/23/2015,0,1,United Kingdom,PAID,TRUE,27/05/2015 19:43,website,GBP,3.99,8.1,3.99,0,12.09,0,2401_sf,Interlocking Hearts design cake knife/server set,Default,1,8.1,0.826938776,8.1,8.1,6.698204082,0,0,9.8,-3.101795918,Default
149,5/24/2015,0,1,United Kingdom,PAID,TRUE,27/05/2015 20:37,website,GBP,3.99,8.1,3.99,0,12.09,0,2401_sf,Interlocking Hearts design cake knife/server set,Default,1,8.1,0.826938776,8.1,8.1,6.698204082,0,0,9.8,-3.101795918,Default
150,5/27/2015,1,0,United Kingdom,PAID,TRUE,28/05/2015 16:31,website,GBP,0,12.5,0,0,12.5,0,2401_spuk,interlocking hearts design cake knife/server set,Default,1,12.5,0.826938776,12.5,12.5,10.33673469,0,0,9.8,0.536734694,Default
151,5/30/2015,0,1,United Kingdom,PAID,TRUE,1/6/2015 15:08,website,GBP,19.99,12.5,19.99,0,32.49,0,2401_spuk,interlocking hearts design cake knife/server set,Default,1,12.5,0.826938776,12.5,12.5,10.33673469,0,0,9.8,0.536734694,Default
152,5/30/2015,0,1,United Kingdom,PAID,TRUE,2/6/2015 14:04,website,GBP,0,11,0,0,11,0,2401,Interlocking Hearts design cake knife/server set,Default,1,11,0.826938776,11,11,9.096326531,0,0,9.8,-0.703673469,Default
153,5/30/2015,0,1,United Kingdom,PAID,TRUE,2/6/2015 14:04,website,GBP,0,12.5,0,0,12.5,0,2401_spuk,interlocking hearts design cake knife/server set,Default,1,12.5,0.826938776,12.5,12.5,10.33673469,0,0,9.8,0.536734694,Default
154,6/1/2015,1,0,United Kingdom,UNPAID,TRUE,,DIRECT,GBP,0,12.5,0,0,0,0,2401_spuk,interlocking hearts design cake knife/server set,Default,1,0,0.826938776,0,0,0,0,0,9.8,-9.8,Default
155,6/1/2015,1,0,United Kingdom,PAID,TRUE,2/6/2015 14:10,website,GBP,0,12.5,0,0,12.5,0,2401_spuk,interlocking hearts design cake knife/server set,Default,1,12.5,0.826938776,12.5,12.5,10.33673469,0,0,9.8,0.536734694,Default
156,6/3/2015,1,0,United Kingdom,PAID,TRUE,4/6/2015 18:16,website,GBP,0,11,0,0,11,0,2401,Interlocking Hearts design cake knife/server set,Default,1,11,0.826938776,11,11,9.096326531,0,0,9.8,-0.703673469,Default
157,6/4/2015,1,0,United Kingdom,UNPAID,TRUE,,DIRECT,GBP,0,12.5,0,0,0,0,2401_spuk,interlocking hearts design cake knife/server set,Default,1,0,0.826938776,0,0,0,0,0,9.8,-9.8,Default
158,6/1/2015,1,0,United Kingdom,PAID,TRUE,5/6/2015 13:28,website,GBP,0,25,0,0,25,0,2401_spuk,interlocking hearts design cake knife/server set,Default,1,12.5,0.826938776,12.5,12.5,10.33673469,0,0,9.8,0.536734694,Default
159,6/7/2015,0,1,United Kingdom,PAID,TRUE,8/6/2015 15:11,website,GBP,3.99,8.1,3.99,0,12.09,0,2401_sf,Interlocking Hearts design cake knife/server set,Default,1,8.1,0.826938776,8.1,8.1,6.698204082,0,0,9.8,-3.101795918,Default
160,6/8/2015,1,0,UNKNOWN,UNPAID,TRUE,,website,GBP,0,0,0,0,0,0,2401,Interlocking Hearts design cake knife/server set,Default,1,0,0.826938776,0,0,0,0,0,9.8,-9.8,Default
161,6/8/2015,1,0,United Kingdom,PAID,TRUE,9/6/2015 14:49,website,GBP,0,12.5,0,0,12.5,0,2401_spuk,interlocking hearts design cake knife/server set,Default,1,12.5,0.826938776,12.5,12.5,10.33673469,0,0,9.8,0.536734694,Default
162,6/9/2015,1,0,United Kingdom,PAID,TRUE,10/6/2015 14:59,website,GBP,0,12.5,0,0,12.5,0,2401_spuk,interlocking hearts design cake knife/server set,Default,1,12.5,0.826938776,12.5,12.5,10.33673469,0,0,9.8,0.536734694,Default
163,6/12/2015,1,0,United Kingdom,PAID,TRUE,16/06/2015 15:26,website,GBP,0,12.5,0,0,12.5,0,2401_spuk,interlocking hearts design cake knife/server set,Default,1,12.5,0.826938776,12.5,12.5,10.33673469,0,0,9.8,0.536734694,Default
164,6/13/2015,0,1,United Kingdom,PAID,TRUE,16/06/2015 15:27,website,GBP,0,12.5,0,0,12.5,0,2401_spuk,interlocking hearts design cake knife/server set,Default,1,12.5,0.826938776,12.5,12.5,10.33673469,0,0,9.8,0.536734694,Default
165,6/14/2015,0,1,United Kingdom,PAID,TRUE,16/06/2015 15:25,website,GBP,0,12.5,0,0,12.5,0,2401_spuk,interlocking hearts design cake knife/server set,Default,1,12.5,0.826938776,12.5,12.5,10.33673469,0,0,9.8,0.536734694,Default
166,6/15/2015,1,0,United Kingdom,PAID,TRUE,16/06/2015 15:26,website,GBP,0,12.5,0,0,12.5,0,2401_spuk,interlocking hearts design cake knife/server set,Default,1,12.5,0.826938776,12.5,12.5,10.33673469,0,0,9.8,0.536734694,Default
167,6/16/2015,1,0,United Kingdom,PAID,TRUE,16/06/2015 15:12,website,GBP,3.99,8.1,3.99,0,12.09,0,2401_sf,Interlocking Hearts design cake knife/server set,Default,1,8.1,0.826938776,8.1,8.1,6.698204082,0,0,9.8,-3.101795918,Default
168,6/18/2015,1,0,United Kingdom,PAID,TRUE,22/06/2015 21:21,website,GBP,0,12.5,0,0,12.5,0,2401_spuk,interlocking hearts design cake knife/server set,Default,1,12.5,0.826938776,12.5,12.5,10.33673469,0,0,9.8,0.536734694,Default
169,6/19/2015,1,0,United Kingdom,PAID,TRUE,22/06/2015 21:15,website,GBP,0,12.5,0,0,12.5,0,2401_spuk,interlocking hearts design cake knife/server set,Default,1,12.5,0.826938776,12.5,12.5,10.33673469,0,0,9.8,0.536734694,Default
170,6/22/2015,1,0,United Kingdom,PAID,TRUE,23/06/2015 21:30,website,GBP,3.99,8.1,3.99,0,12.09,0,2401_sf,Interlocking Hearts design cake knife/server set,Default,1,8.1,0.826938776,8.1,8.1,6.698204082,0,0,9.8,-3.101795918,Default
171,6/23/2015,1,0,United Kingdom,PAID,TRUE,25/06/2015 22:16,website,GBP,3.99,8.1,3.99,0,12.09,0,2401_sf,Interlocking Hearts design cake knife/server set,Default,1,8.1,0.826938776,8.1,8.1,6.698204082,0,0,9.8,-3.101795918,Default
172,6/24/2015,1,0,United Kingdom,PAID,TRUE,25/06/2015 22:16,website,GBP,3.99,8.1,3.99,0,12.09,0,2401_sf,Interlocking Hearts design cake knife/server set,Default,1,8.1,0.826938776,8.1,8.1,6.698204082,0,0,9.8,-3.101795918,Default
173,6/25/2015,1,0,United Kingdom,PAID,TRUE,26/06/2015 21:33,website,GBP,3.99,8.1,3.99,0,12.09,0,2401_sf,Interlocking Hearts design cake knife/server set,Default,1,8.1,0.826938776,8.1,8.1,6.698204082,0,0,9.8,-3.101795918,Default
174,6/26/2015,1,0,United Kingdom,PAID,TRUE,29/06/2015 21:54,website,GBP,3.99,8.1,3.99,0,12.09,0,2401_sf,Interlocking Hearts design cake knife/server set,Default,1,8.1,0.826938776,8.1,8.1,6.698204082,0,0,9.8,-3.101795918,Default
175,7/2/2015,1,0,United Kingdom,PAID,TRUE,3/7/2015 21:54,website,GBP,0,12.5,0,0,12.5,0,2401_spuk,interlocking hearts design cake knife/server set,Default,1,12.5,0.826938776,12.5,12.5,10.33673469,0,0,9.8,0.536734694,Default
176,7/2/2015,1,0,United Kingdom,PAID,TRUE,3/7/2015 21:53,website,GBP,0,12.5,0,0,12.5,0,2401_spuk,interlocking hearts design cake knife/server set,Default,1,12.5,0.826938776,12.5,12.5,10.33673469,0,0,9.8,0.536734694,Default
177,7/3/2015,1,0,United Kingdom,PAID,TRUE,3/7/2015 21:53,website,GBP,0,12.5,0,0,12.5,0,2401_spuk,interlocking hearts design cake knife/server set,Default,1,12.5,0.826938776,12.5,12.5,10.33673469,0,0,9.8,0.536734694,Default
178,7/8/2015,1,0,United Kingdom,PAID,TRUE,,website,GBP,0,12.5,0,0,12.5,0,2401_spuk,interlocking hearts design cake knife/server set,Default,1,12.5,0.826938776,12.5,12.5,10.33673469,0,0,9.8,0.536734694,Default
179,7/12/2015,0,1,United Kingdom,PAID,TRUE,14/07/2015 19:07,website,GBP,0,12.5,0,0,12.5,0,2401_spuk,interlocking hearts design cake knife/server set,Default,1,12.5,0.826938776,12.5,12.5,10.33673469,0,0,9.8,0.536734694,Default
180,7/15/2015,1,0,United Kingdom,PAID,TRUE,16/07/2015 22:08,website,GBP,0,12.5,0,0,12.5,0,2401_spuk,interlocking hearts design cake knife/server set,Default,1,12.5,0.826938776,12.5,12.5,10.33673469,0,0,9.8,0.536734694,Default
181,7/16/2015,1,0,United Kingdom,PAID,TRUE,18/07/2015 10:29,website,GBP,0,12.5,0,0,12.5,0,2401_spuk,interlocking hearts design cake knife/server set,Default,1,12.5,0.826938776,12.5,12.5,10.33673469,0,0,9.8,0.536734694,Default
182,7/19/2015,0,1,United Kingdom,PAID,TRUE,20/07/2015 16:27,website,GBP,3.99,8.1,3.99,0,12.09,0,2401_sf,Interlocking Hearts design cake knife/server set,Default,1,8.1,0.826938776,8.1,8.1,6.698204082,0,0,9.8,-3.101795918,Default
183,7/20/2015,1,0,United Kingdom,PAID,TRUE,21/07/2015 19:12,website,GBP,0,12.5,0,0,12.5,0,2401_spuk,interlocking hearts design cake knife/server set,Default,1,12.5,0.826938776,12.5,12.5,10.33673469,0,0,9.8,0.536734694,Default
184,7/21/2015,1,0,United Kingdom,PAID,TRUE,22/07/2015 16:38,website,GBP,0,12.5,0,0,12.5,0,2401_spuk,interlocking hearts design cake knife/server set,Default,1,12.5,0.826938776,12.5,12.5,10.33673469,0,0,9.8,0.536734694,Default
185,7/24/2015,1,0,United Kingdom,PAID,TRUE,27/07/2015 22:56,website,GBP,0,12.5,0,0,12.5,0,2401_spuk,interlocking hearts design cake knife/server set,Default,1,12.5,0.826938776,12.5,12.5,10.33673469,0,0,9.8,0.536734694,Default
186,7/25/2015,0,1,United Kingdom,PAID,TRUE,27/07/2015 22:55,website,GBP,0,12.5,0,0,12.5,0,2401_spuk,interlocking hearts design cake knife/server set,Default,1,12.5,0.826938776,12.5,12.5,10.33673469,0,0,9.8,0.536734694,Default
187,7/27/2015,1,0,UNKNOWN,UNPAID,TRUE,,website,GBP,0,0,0,0,0,0,2401_spuk,interlocking hearts design cake knife/server set,Default,1,0,0.826938776,0,0,0,0,0,9.8,-9.8,Default
188,7/27/2015,1,0,United Kingdom,PAID,TRUE,28/07/2015 22:35,website,GBP,0,12.5,0,0,12.5,0,2401_spuk,interlocking hearts design cake knife/server set,Default,1,12.5,0.826938776,12.5,12.5,10.33673469,0,0,9.8,0.536734694,Default
189,7/28/2015,1,0,United Kingdom,PAID,TRUE,29/07/2015 22:06,website,GBP,0,12.5,0,0,12.5,0,2401_spuk,interlocking hearts design cake knife/server set,Default,1,12.5,0.826938776,12.5,12.5,10.33673469,0,0,9.8,0.536734694,Default
190,8/2/2015,0,1,United Kingdom,PAID,TRUE,3/8/2015 22:14,website,GBP,0,37.5,0,0,37.5,0,2401_spuk,interlocking hearts design cake knife/server set,Default,3,37.5,0.826938776,37.5,37.5,31.01020408,0,0,29.4,1.610204082,Default
191,8/4/2015,1,0,United Kingdom,PAID,TRUE,5/8/2015 18:02,website,GBP,0,12.5,0,0,12.5,0,2401_spuk,interlocking hearts design cake knife/server set,Default,1,12.5,0.826938776,12.5,12.5,10.33673469,0,0,9.8,0.536734694,Default
192,8/4/2015,1,0,United Kingdom,PAID,TRUE,6/8/2015 17:27,website,GBP,0,12.5,0,0,12.5,0,2401_spuk,interlocking hearts design cake knife/server set,Default,1,12.5,0.826938776,12.5,12.5,10.33673469,0,0,9.8,0.536734694,Default
193,8/5/2015,1,0,United Kingdom,PAID,TRUE,6/8/2015 17:29,website,GBP,0,12.5,0,0,12.5,0,2401_spuk,interlocking hearts design cake knife/server set,Default,1,12.5,0.826938776,12.5,12.5,10.33673469,0,0,9.8,0.536734694,Default
194,8/6/2015,1,0,United Kingdom,PAID,TRUE,7/8/2015 18:27,website,GBP,0,12.5,0,0,12.5,0,2401_spuk,interlocking hearts design cake knife/server set,Default,1,12.5,0.826938776,12.5,12.5,10.33673469,0,0,9.8,0.536734694,Default
195,8/7/2015,1,0,United Kingdom,PAID,TRUE,7/8/2015 18:24,website,GBP,0,12.5,0,0,12.5,0,2401_spuk,interlocking hearts design cake knife/server set,Default,1,12.5,0.826938776,12.5,12.5,10.33673469,0,0,9.8,0.536734694,Default
196,8/8/2015,0,1,United Kingdom,PAID,TRUE,11/8/2015 16:32,website,GBP,0,12.5,0,0,12.5,0,2401_spuk,interlocking hearts design cake knife/server set,Default,1,12.5,0.826938776,12.5,12.5,10.33673469,0,0,9.8,0.536734694,Default
197,8/14/2015,1,0,United Kingdom,PAID,TRUE,17/08/2015 22:17,website,GBP,0,12.5,0,0,12.5,0,2401_spuk,interlocking hearts design cake knife/server set,Default,1,12.5,0.826938776,12.5,12.5,10.33673469,0,0,9.8,0.536734694,Default
198,8/22/2015,0,1,United Kingdom,PAID,TRUE,25/08/2015 21:54,website,GBP,0,12.5,0,0,12.5,0,2401_spuk,interlocking hearts design cake knife/server set,Default,1,12.5,0.826938776,12.5,12.5,10.33673469,0,0,9.8,0.536734694,Default
199,8/24/2015,1,0,United Kingdom,PAID,TRUE,25/08/2015 21:53,website,GBP,0,12.5,0,0,12.5,0,2401_guk,"interlocking hearts design cake knife/server set. A perfect gift for that wedding, baby shower, birthday",Default,1,12.5,0.826938776,12.5,12.5,10.33673469,0,0,9.8,0.536734694,Default
200,8/26/2015,1,0,United Kingdom,PAID,TRUE,27/08/2015 22:15,website,GBP,0,12.5,0,0,12.5,0,2401_guk,"interlocking hearts design cake knife/server set. A perfect gift for that wedding, baby shower, birthday",Default,1,12.5,0.826938776,12.5,12.5,10.33673469,0,0,9.8,0.536734694,Default
201,9/5/2015,0,1,United Kingdom,PAID,TRUE,7/9/2015 14:24,website,GBP,0,12,0,0,12,0,2401_spuk,interlocking hearts design cake knife/server set,Default,1,12,0.826938776,12,12,9.923265306,0,0,9.8,0.123265306,Default
202,9/10/2015,1,0,United Kingdom,PAID,TRUE,14/09/2015 21:35,website,GBP,3.99,5.67,3.99,0,9.66,0,2401_4,Interlocking Hearts design cake knife/server set,Default,1,5.67,0.826938776,5.67,5.67,4.688742857,0,0,9.8,-5.111257143,Default
203,9/10/2015,1,0,United Kingdom,PAID,TRUE,14/09/2015 21:35,website,GBP,3.99,5.67,3.99,0,9.66,0,2401_4,Interlocking Hearts design cake knife/server set,Default,1,5.67,0.826938776,5.67,5.67,4.688742857,0,0,9.8,-5.111257143,Default
204,9/10/2015,1,0,United Kingdom,PAID,TRUE,14/09/2015 21:35,website,GBP,3.99,5.67,3.99,0,9.66,0,2401_4,Interlocking Hearts design cake knife/server set,Default,1,5.67,0.826938776,5.67,5.67,4.688742857,0,0,9.8,-5.111257143,Default
205,9/29/2015,1,0,United Kingdom,PAID,TRUE,30/09/2015 21:15,website,GBP,3.99,15.61,3.99,0,19.6,0,2401_2,Interlocking Hearts Cake Server Set,Default,1,15.61,0.826938776,15.61,15.61,12.90851429,0,0,9.8,3.108514286,Default
206,10/2/2015,1,0,United Kingdom,PAID,TRUE,5/10/2015 22:47,website,GBP,0,12,0,0,12,0,2401_spuk,interlocking hearts design cake knife/server set,Default,1,12,0.826938776,12,12,9.923265306,0,0,9.8,0.123265306,Default
207,10/5/2015,1,0,United Kingdom,PAID,TRUE,6/10/2015 18:40,website,GBP,3.99,15.61,3.99,0,19.6,0,2401_3,Wedding Cake Knife & Sever Set Embracing Hearts (EKA01049) Brand New & Boxed,Default,1,15.61,0.826938776,15.61,15.61,12.90851429,0,0,9.8,3.108514286,Default
208,11/10/2015,1,0,United Kingdom,PAID,TRUE,11/11/2015 22:01,website,GBP,19.99,15.61,19.99,0,35.6,0,2401_2,Interlocking Hearts Cake Server Set,Default,1,15.61,0.826938776,15.61,15.61,12.90851429,0,0,9.8,3.108514286,Default
209,11/12/2015,1,0,United Kingdom,PAID,TRUE,13/11/2015 20:37,website,GBP,0,12.5,0,0,12.5,0,2401_guk,"interlocking hearts design cake knife/server set. A perfect gift for that wedding, baby shower, birthday",Default,1,12.5,0.826938776,12.5,12.5,10.33673469,0,0,9.8,0.536734694,Default
210,12/2/2015,1,0,United Kingdom,PAID,TRUE,4/12/2015 18:58,website,GBP,0,12.5,0,0,12.5,0,2401_guk,"interlocking hearts design cake knife/server set. A perfect gift for that wedding, baby shower, birthday",Default,1,12.5,0.826938776,12.5,12.5,10.33673469,0,0,9.8,0.536734694,Default
211,1/18/2016,1,0,United Kingdom,PAID,TRUE,19/01/2016 22:22,website,GBP,3.99,15.61,3.99,0,19.6,0,2401_2,Interlocking Hearts Cake Server Set,Default,1,15.61,0.826938776,15.61,15.61,12.90851429,0,0,9.8,3.108514286,Default
212,1/25/2016,1,0,United Kingdom,PAID,TRUE,26/01/2016 17:20,website,GBP,0,12,0,0,12,0,2401_spuk,interlocking hearts design cake knife/server set,Default,1,12,0.826938776,12,12,9.923265306,0,0,9.8,0.123265306,Default
213,1/30/2016,0,1,United Kingdom,PAID,TRUE,1/2/2016 21:10,website,GBP,3.99,15.61,3.99,0,19.6,0,2401_2,Interlocking Hearts Cake Server Set,Default,1,15.61,0.826938776,15.61,15.61,12.90851429,0,0,9.8,3.108514286,Default
214,1/31/2016,0,1,United Kingdom,PAID,TRUE,2/2/2016 21:49,website,GBP,3.99,15.61,3.99,0,19.6,0,2401_3,Wedding Cake Knife & Sever Set Embracing Hearts (EKA01049) Brand New & Boxed,Default,1,15.61,0.826938776,15.61,15.61,12.90851429,0,0,9.8,3.108514286,Default
215,2/1/2016,1,0,United Kingdom,PAID,TRUE,2/2/2016 20:42,website,GBP,0,12,0,0,12,0,2401_spuk,interlocking hearts design cake knife/server set,Default,1,12,0.826938776,12,12,9.923265306,0,0,9.8,0.123265306,Default
216,2/8/2016,1,0,United Kingdom,PAID,TRUE,,website,GBP,0,12.57,0,0,12.57,0,2401_guk,"interlocking hearts design cake knife/server set. A perfect gift for that wedding, baby shower, birthday",Default,1,12.57,0.826938776,12.57,12.57,10.39462041,0,0,9.8,0.594620408,Default
217,2/17/2016,1,0,United Kingdom,PAID,TRUE,18/02/2016 21:12,website,GBP,3.99,15.61,3.99,0,19.6,0,2401_1,interlocking hearts design cake knife/server set,Default,1,15.61,0.826938776,15.61,15.61,12.90851429,0,0,9.8,3.108514286,Default
218,2/18/2016,1,0,United Kingdom,PAID,TRUE,19/02/2016 22:28,website,GBP,0,12.65,0,0,12.65,0,2401_guk,"interlocking hearts design cake knife/server set. A perfect gift for that wedding, baby shower, birthday",Default,1,12.65,0.826938776,12.65,12.65,10.46077551,0,0,9.8,0.66077551,Default
219,2/18/2016,1,0,United Kingdom,PAID,TRUE,19/02/2016 22:29,website,GBP,3.99,15.61,3.99,0,19.6,0,2401_2,Interlocking Hearts Cake Server Set,Default,1,15.61,0.826938776,15.61,15.61,12.90851429,0,0,9.8,3.108514286,Default
220,2/20/2016,0,1,United Kingdom,PAID,TRUE,22/02/2016 19:08,website,GBP,3.99,15.61,3.99,0,19.6,0,2401_3,Wedding Cake Knife & Sever Set Embracing Hearts (EKA01049) Brand New & Boxed,Default,1,15.61,0.826938776,15.61,15.61,12.90851429,0,0,9.8,3.108514286,Default
221,2/26/2016,1,0,United Kingdom,PAID,TRUE,29/02/2016 20:57,website,GBP,0,12.7,0,0,12.7,0,2401_guk,"interlocking hearts design cake knife/server set. A perfect gift for that wedding, baby shower, birthday",Default,1,12.7,0.826938776,12.7,12.7,10.50212245,0,0,9.8,0.702122449,Default
222,2/28/2016,0,1,United Kingdom,PAID,TRUE,29/02/2016 20:58,website,GBP,0,12.71,0,0,12.71,0,2401_guk,"interlocking hearts design cake knife/server set. A perfect gift for that wedding, baby shower, birthday",Default,1,12.71,0.826938776,12.71,12.71,10.51039184,0,0,9.8,0.710391837,Default
223,2/29/2016,1,0,United Kingdom,PAID,TRUE,29/02/2016 20:58,website,GBP,0,12.5,0,0,12.5,0,2401_22,"Interlocking hearts design cake knife/server set- 1, Garden, Lawn, Maintenance",Default,1,12.5,0.826938776,12.5,12.5,10.33673469,0,0,9.8,0.536734694,Default
224,2/29/2016,1,0,United Kingdom,PAID,TRUE,1/3/2016 21:29,website,GBP,0,12.72,0,0,12.72,0,2401_guk,"interlocking hearts design cake knife/server set. A perfect gift for that wedding, baby shower, birthday",Default,1,12.72,0.826938776,12.72,12.72,10.51866122,0,0,9.8,0.718661224,Default
225,3/2/2016,1,0,United Kingdom,PAID,TRUE,3/3/2016 17:01,website,GBP,3.99,15.61,3.99,0,19.6,0,2401_2,Interlocking Hearts Cake Server Set,Default,1,15.61,0.826938776,15.61,15.61,12.90851429,0,0,9.8,3.108514286,Default
226,3/4/2016,1,0,United Kingdom,PAID,TRUE,7/3/2016 22:55,website,GBP,0,12.75,0,0,12.75,0,2401_guk,"interlocking hearts design cake knife/server set. A perfect gift for that wedding, baby shower, birthday",Default,1,12.75,0.826938776,12.75,12.75,10.54346939,0,0,9.8,0.743469388,Default
227,3/6/2016,0,1,United Kingdom,PAID,TRUE,7/3/2016 22:48,website,GBP,0,12.76,0,0,12.76,0,2401_guk,"interlocking hearts design cake knife/server set. A perfect gift for that wedding, baby shower, birthday",Default,1,12.76,0.826938776,12.76,12.76,10.55173878,0,0,9.8,0.751738776,Default
228,3/7/2016,1,0,United Kingdom,PAID,TRUE,,website,GBP,0,12.77,0,0,12.77,0,2401_guk,"interlocking hearts design cake knife/server set. A perfect gift for that wedding, baby shower, birthday",Default,1,12.77,0.826938776,12.77,12.77,10.56000816,0,0,9.8,0.760008163,Default
229,3/7/2016,1,0,United Kingdom,PAID,TRUE,,website,GBP,0,12.78,0,0,12.78,0,2401_guk,"interlocking hearts design cake knife/server set. A perfect gift for that wedding, baby shower, birthday",Default,1,12.78,0.826938776,12.78,12.78,10.56827755,0,0,9.8,0.768277551,Default
230,3/9/2016,1,0,United Kingdom,PAID,TRUE,10/3/2016 18:31,website,GBP,0,12.78,0,0,12.78,0,2401_guk,"interlocking hearts design cake knife/server set. A perfect gift for that wedding, baby shower, birthday",Default,1,12.78,0.826938776,12.78,12.78,10.56827755,0,0,9.8,0.768277551,Default
231,3/9/2016,1,0,United Kingdom,PAID,TRUE,10/3/2016 18:27,website,GBP,0,12.78,0,0,12.78,0,2401_guk,"interlocking hearts design cake knife/server set. A perfect gift for that wedding, baby shower, birthday",Default,1,12.78,0.826938776,12.78,12.78,10.56827755,0,0,9.8,0.768277551,Default
232,3/11/2016,1,0,United Kingdom,PAID,TRUE,14/03/2016 19:00,website,GBP,3.99,15.61,3.99,0,19.6,0,2401_3,Wedding Cake Knife & Sever Set Embracing Hearts (EKA01049) Brand New & Boxed,Default,1,15.61,0.826938776,15.61,15.61,12.90851429,0,0,9.8,3.108514286,Default
233,3/12/2016,0,1,United Kingdom,PAID,TRUE,14/03/2016 18:52,website,GBP,3.99,15.61,3.99,0,19.6,0,2401_2,Interlocking Hearts Cake Server Set,Default,1,15.61,0.826938776,15.61,15.61,12.90851429,0,0,9.8,3.108514286,Default
234,3/14/2016,1,0,United Kingdom,PAID,TRUE,14/03/2016 18:52,website,GBP,3.99,15.61,3.99,0,19.6,0,2401_3,Wedding Cake Knife & Sever Set Embracing Hearts (EKA01049) Brand New & Boxed,Default,1,15.61,0.826938776,15.61,15.61,12.90851429,0,0,9.8,3.108514286,Default
235,3/14/2016,1,0,United Kingdom,PAID,TRUE,15/03/2016 20:20,website,GBP,3.99,15.61,3.99,0,19.6,0,2401_3,Wedding Cake Knife & Sever Set Embracing Hearts (EKA01049) Brand New & Boxed,Default,1,15.61,0.826938776,15.61,15.61,12.90851429,0,0,9.8,3.108514286,Default
236,3/14/2016,1,0,United Kingdom,PAID,TRUE,15/03/2016 20:19,website,GBP,3.99,15.61,3.99,0,19.6,0,2401_2,Interlocking Hearts Cake Server Set,Default,1,15.61,0.826938776,15.61,15.61,12.90851429,0,0,9.8,3.108514286,Default
237,3/14/2016,1,0,United Kingdom,PAID,TRUE,15/03/2016 20:20,website,GBP,0,12.5,0,0,12.5,0,2401_22,"Interlocking hearts design cake knife/server set- 1, Garden, Lawn, Maintenance",Default,1,12.5,0.826938776,12.5,12.5,10.33673469,0,0,9.8,0.536734694,Default
238,3/15/2016,1,0,United Kingdom,PAID,TRUE,16/03/2016 16:47,website,GBP,3.99,15.61,3.99,0,19.6,0,2401_2,Interlocking Hearts Cake Server Set,Default,1,15.61,0.826938776,15.61,15.61,12.90851429,0,0,9.8,3.108514286,Default
239,3/16/2016,1,0,United Kingdom,PAID,TRUE,16/03/2016 16:47,website,GBP,0,12.78,0,0,12.78,0,2401_guk,"interlocking hearts design cake knife/server set. A perfect gift for that wedding, baby shower, birthday",Default,1,12.78,0.826938776,12.78,12.78,10.56827755,0,0,9.8,0.768277551,Default
240,3/20/2016,0,1,United Kingdom,PAID,TRUE,21/03/2016 23:26,website,GBP,0,12.5,0,0,12.5,0,2401_22,"Interlocking hearts design cake knife/server set- 1, Garden, Lawn, Maintenance",Default,1,12.5,0.826938776,12.5,12.5,10.33673469,0,0,9.8,0.536734694,Default
241,3/20/2016,0,1,United Kingdom,PAID,TRUE,21/03/2016 23:27,website,GBP,0,12.78,0,0,12.78,0,2401_guk,"interlocking hearts design cake knife/server set. A perfect gift for that wedding, baby shower, birthday",Default,1,12.78,0.826938776,12.78,12.78,10.56827755,0,0,9.8,0.768277551,Default
242,3/20/2016,0,1,United Kingdom,PAID,TRUE,,website,GBP,0,12.5,0,0,12.5,0,2401_22,"Interlocking hearts design cake knife/server set- 1, Garden, Lawn, Maintenance",Default,1,12.5,0.826938776,12.5,12.5,10.33673469,0,0,9.8,0.536734694,Default
243,3/20/2016,0,1,United Kingdom,PAID,TRUE,,website,GBP,3.99,15.61,3.99,0,19.6,0,2401_3,Wedding Cake Knife & Sever Set Embracing Hearts (EKA01049) Brand New & Boxed,Default,1,15.61,0.826938776,15.61,15.61,12.90851429,0,0,9.8,3.108514286,Default
244,3/21/2016,1,0,United Kingdom,PAID,TRUE,,website,GBP,0,12.5,0,0,12.5,0,2401_22,"Interlocking hearts design cake knife/server set- 1, Garden, Lawn, Maintenance",Default,1,12.5,0.826938776,12.5,12.5,10.33673469,0,0,9.8,0.536734694,Default
245,3/21/2016,1,0,UNKNOWN,UNPAID,TRUE,,website,GBP,0,0,0,0,0,0,2401_22,"Interlocking hearts design cake knife/server set- 1, Garden, Lawn, Maintenance",Default,1,0,0.826938776,0,0,0,0,0,9.8,-9.8,Default
246,3/22/2016,1,0,United Kingdom,PAID,TRUE,,website,GBP,0,12.5,0,0,12.5,0,2401_spuk,interlocking hearts design cake knife/server set,Default,1,12.5,0.826938776,12.5,12.5,10.33673469,0,0,9.8,0.536734694,Default
247,3/22/2016,1,0,United Kingdom,PAID,TRUE,,website,GBP,0,12.5,0,0,12.5,0,2401_spuk,interlocking hearts design cake knife/server set,Default,1,12.5,0.826938776,12.5,12.5,10.33673469,0,0,9.8,0.536734694,Default
248,3/23/2016,1,0,United Kingdom,PAID,TRUE,,website,GBP,0,12.5,0,0,12.5,0,2401_spuk,interlocking hearts design cake knife/server set,Default,1,12.5,0.826938776,12.5,12.5,10.33673469,0,0,9.8,0.536734694,Default
249,3/24/2016,1,0,United Kingdom,PAID,TRUE,29/03/2016 21:03,website,GBP,0,12.78,0,0,12.78,0,2401_guk,"interlocking hearts design cake knife/server set. A perfect gift for that wedding, baby shower, birthday",Default,1,12.78,0.826938776,12.78,12.78,10.56827755,0,0,9.8,0.768277551,Default
250,3/27/2016,0,1,United Kingdom,PAID,TRUE,29/03/2016 21:00,website,GBP,0,12.5,0,0,12.5,0,2401_22,"Interlocking hearts design cake knife/server set- 1, Garden, Lawn, Maintenance",Default,1,12.5,0.826938776,12.5,12.5,10.33673469,0,0,9.8,0.536734694,Default
251,3/28/2016,1,0,United Kingdom,PAID,TRUE,30/03/2016 21:59,website,GBP,0,12,0,0,12,0,2401_spuk,interlocking hearts design cake knife/server set,Default,1,12,0.826938776,12,12,9.923265306,0,0,9.8,0.123265306,Default
252,3/30/2016,1,0,United Kingdom,PAID,TRUE,31/03/2016 21:26,website,GBP,3.99,15.61,3.99,0,19.6,0,2401_2,Interlocking Hearts Cake Server Set,Default,1,15.61,0.826938776,15.61,15.61,12.90851429,0,0,9.8,3.108514286,Default
253,3/30/2016,1,0,United Kingdom,PAID,TRUE,31/03/2016 21:26,website,GBP,3.99,15.61,3.99,0,19.6,0,2401_2,Interlocking Hearts Cake Server Set,Default,1,15.61,0.826938776,15.61,15.61,12.90851429,0,0,9.8,3.108514286,Default
254,3/31/2016,1,0,United Kingdom,PAID,TRUE,1/4/2016 21:26,website,GBP,3.99,15.61,3.99,0,19.6,0,2401_3,Wedding Cake Knife & Sever Set Embracing Hearts (EKA01049) Brand New & Boxed,Default,1,15.61,0.826938776,15.61,15.61,12.90851429,0,0,9.8,3.108514286,Default
255,4/7/2016,1,0,United Kingdom,PAID,TRUE,8/4/2016 20:44,website,GBP,19.99,15.61,19.99,0,35.6,0,2401_3,Wedding Cake Knife & Sever Set Embracing Hearts (EKA01049) Brand New & Boxed,Default,1,15.61,0.826938776,15.61,15.61,12.90851429,0,0,9.8,3.108514286,Default
256,4/8/2016,1,0,United Kingdom,PAID,TRUE,8/4/2016 20:39,website,GBP,0,12,0,0,12,0,2401_spuk,interlocking hearts design cake knife/server set,Default,1,12,0.826938776,12,12,9.923265306,0,0,9.8,0.123265306,Default
257,4/9/2016,0,1,United Kingdom,PAID,TRUE,12/4/2016 21:47,website,GBP,3.99,15.61,3.99,0,19.6,0,2401_3,Wedding Cake Knife & Sever Set Embracing Hearts (EKA01049) Brand New & Boxed,Default,1,15.61,0.826938776,15.61,15.61,12.90851429,0,0,9.8,3.108514286,Default
258,4/9/2016,0,1,United Kingdom,PAID,TRUE,12/4/2016 21:54,website,GBP,3.99,15.61,3.99,0,19.6,0,2401_3,Wedding Cake Knife & Sever Set Embracing Hearts (EKA01049) Brand New & Boxed,Default,1,15.61,0.826938776,15.61,15.61,12.90851429,0,0,9.8,3.108514286,Default
259,4/12/2016,1,0,United Kingdom,PAID,TRUE,12/4/2016 21:49,website,GBP,3.99,15.61,3.99,0,19.6,0,2401_3,Wedding Cake Knife & Sever Set Embracing Hearts (EKA01049) Brand New & Boxed,Default,1,15.61,0.826938776,15.61,15.61,12.90851429,0,0,9.8,3.108514286,Default
260,4/15/2016,1,0,United Kingdom,PAID,TRUE,19/04/2016 17:42,website,GBP,0,13.49,0,0,13.49,0,2401_guk,"interlocking hearts design cake knife/server set. A perfect gift for that wedding, baby shower, birthday",Default,1,13.49,0.826938776,13.49,13.49,11.15540408,0,0,9.8,1.355404082,Default
261,4/18/2016,1,0,United Kingdom,PAID,TRUE,19/04/2016 18:42,website,GBP,3.99,15.61,3.99,0,19.6,0,2401_2,Interlocking Hearts Cake Server Set,Default,1,15.61,0.826938776,15.61,15.61,12.90851429,0,0,9.8,3.108514286,Default
262,4/19/2016,1,0,United Kingdom,PAID,FALSE,,website,GBP,3.99,15.61,3.99,0,19.6,0,2401_3,Wedding Cake Knife & Sever Set Embracing Hearts (EKA01049) Brand New & Boxed,Default,1,15.61,0.826938776,15.61,15.61,12.90851429,0,0,9.8,3.108514286,Default
